"id","createdAt","user","updatedAt","description","status","priority","category","assignedTo"
"7nvw6d","2020-11-19 05:01:05.714+00","Ernesto_Kautzer@yahoo.com","2021-08-10 00:51:16.864+00","Facere laborum est voluptatem. Ut ut optio. Qui dolores provident eaque aliquam sed animi. Omnis non autem facere libero. Numquam sunt dolore. Hic magni consequatur quia aut provident quam rerum perspiciatis.","open","low","software","rishabh@appsmith.com"
"24qu7","2020-10-10 18:57:36.167+00","Kyler_Gutkowski44@hotmail.com","2021-08-10 03:24:57.044+00","Ea esse quia molestiae aut. Quia quos sapiente et vitae qui. Voluptatem neque natus voluptatem. Nostrum dolorum esse ad voluptas in qui porro officia.","open","low","software","vishnu@appsmith.com"
"tqb0c","2020-08-19 06:24:56.296+00","Troy37@yahoo.com","2021-08-09 19:45:38.96+00","In temporibus dolorem unde odio sunt expedita expedita possimus. Porro suscipit facere et est. Fugit eum tenetur eligendi aut vero recusandae harum sed placeat. Dolores reprehenderit cumque laborum veritatis error voluptate non soluta cupiditate. Nisi non dolores ad doloribus et sunt. Consectetur asperiores expedita.","in-progress","high","hardware","kadao@appsmith.com"
"lshwz","2021-07-28 11:41:37.144+00","Saige.Schiller@hotmail.com","2021-08-09 10:51:24.168+00","Enim nisi mollitia fugit. Illo quibusdam voluptate accusamus fugiat et provident nemo sequi. Ratione error assumenda provident qui.","closed","medium","hardware",
"fe3t0vi","2021-02-22 04:32:02.274+00","Curt.Torp64@yahoo.com","2021-08-09 15:16:30.632+00","Placeat et sunt rerum inventore. Sint sed explicabo ipsum voluptatem perferendis. Aliquam quia omnis voluptatem possimus blanditiis incidunt tenetur quis. Quisquam numquam aliquam molestiae aut perferendis et. Et ut alias quibusdam consequuntur.","closed","high","other","rishabh@appsmith.com"
"zar2b6","2021-04-14 02:26:21.081+00","Sabrina_Grant@hotmail.com","2021-08-09 18:28:34.444+00","Reiciendis libero est omnis tempore quas dicta consequatur porro facilis. Est quas vel officiis ad qui itaque. Ea architecto molestias est libero reiciendis quidem. Ut velit sequi dignissimos ullam non dolor quos incidunt.","closed","high","other","kadao@appsmith.com"
"hiwxld","2020-09-14 18:06:37.818+00","Augusta.Mosciski@hotmail.com","2021-08-09 21:52:28.582+00","Sit ex inventore recusandae. Vero aperiam similique aspernatur sunt. Sapiente explicabo voluptatibus quaerat voluptas dolorem qui. Iste rerum exercitationem et est laborum architecto et libero dolorum. Accusamus qui ipsam esse aut.","closed","medium","software","rishabh@appsmith.com"
"3u30ye","2021-04-04 20:05:12.489+00","Jade_Kertzmann@yahoo.com","2021-08-09 19:47:45.916+00","Amet minus est hic. Voluptas ex ratione commodi. Libero asperiores alias dolorem ratione saepe ex ipsam qui veniam. Expedita et autem.","in-progress","high","other","vishnu@appsmith.com"
"5m6qz","2021-02-22 05:53:47.413+00","Myrtie.Beier41@yahoo.com","2021-08-09 12:14:49.222+00","Non optio occaecati cupiditate. Maiores recusandae suscipit vitae non iusto expedita et commodi. Eos iusto quisquam ut debitis consequuntur optio consectetur. Et aliquam eum maxime molestiae quasi enim et pariatur alias. Maxime architecto sit fugiat sunt blanditiis. Iure ut veritatis ipsam quas laudantium natus quisquam.","closed","high","hardware","rishabh@appsmith.com"
"smzr4c","2021-03-24 15:39:27.001+00","Tony19@yahoo.com","2021-08-09 20:27:12.435+00","Occaecati magnam quo. Illum illo nostrum illum labore sunt. Fugit molestias dolorem consequatur. Architecto id delectus ut soluta nobis exercitationem molestias. Eos recusandae vero libero.","in-progress","medium","other","vishnu@appsmith.com"
"188m1a","2021-05-22 09:40:13.824+00","Christiana.Rice81@hotmail.com","2021-08-10 03:18:24.175+00","Iusto quibusdam aut in rerum et nostrum a non. Vero quam magni. Corporis dolorem explicabo ut.","in-progress","high","hardware","kadao@appsmith.com"
"pbvach","2020-09-19 15:42:26.713+00","Kacie61@hotmail.com","2021-08-09 13:30:24.074+00","Cum consequatur ea quae amet dicta architecto ut adipisci culpa. Ab nisi porro voluptatibus rerum quo alias maiores. Et inventore maiores quos perspiciatis dignissimos expedita ad ut atque. Error necessitatibus magni facere ex et dolores ab. Commodi illum in et eaque officiis voluptas facilis.","open","low","software","vihar@appsmith.com"
"6glljp","2021-01-21 13:58:48.034+00","Marquis_Anderson70@yahoo.com","2021-08-09 16:21:25.389+00","Et qui corporis ut et et molestiae ut. Qui occaecati repudiandae esse laborum commodi. A aliquam vel ducimus voluptatem cum.","open","high","other","vishnu@appsmith.com"
"k28qav","2020-11-23 08:41:25.68+00","Maximus.Okuneva@yahoo.com","2021-08-09 08:13:59.882+00","Dolor hic exercitationem enim illo alias quia qui. Placeat deleniti ab. Corrupti soluta illo fugiat omnis rerum rerum fugit animi. Quis eum sit amet modi et odit delectus. Minima quo quae id est dolores perspiciatis et possimus.","open","low","hardware","vishnu@appsmith.com"
"urnnlq","2020-12-22 05:22:39.366+00","Richard.Erdman@hotmail.com","2021-08-09 21:54:56.814+00","Culpa omnis consequatur voluptatem. Qui omnis adipisci id distinctio omnis. Voluptatem illo velit. Aliquam autem sint in tempora nihil. Facere voluptatum illo accusamus maxime est.","in-progress","medium","other",
"qcqzqq","2021-03-17 06:57:19.729+00","Ricky.Metz21@gmail.com","2021-08-10 07:06:13.336+00","Itaque sit reprehenderit numquam occaecati. Est sint praesentium omnis vero voluptas sunt et molestiae. Pariatur est sequi necessitatibus dolor recusandae non.","open","medium","software",
"qvis8","2021-05-25 14:56:30.815+00","Danny15@yahoo.com","2021-08-10 07:34:08.633+00","Eveniet sed voluptatem deserunt facere impedit explicabo sit architecto. At quibusdam aperiam praesentium blanditiis. Et eum optio asperiores.","closed","low","software","confidence@appsmith.com"
"ygxlg","2021-03-11 11:29:23.492+00","Camila.Schaefer59@gmail.com","2021-08-09 12:01:15.784+00","Sequi exercitationem sint officia vitae asperiores ipsa minus. Et qui reiciendis non sint expedita aut. Ipsa nulla et enim corporis consequatur ea eveniet ut. Aut dolore qui laborum dolore aut. Est rem nemo in. Quia voluptatem qui cum similique delectus sequi.","closed","high","other","confidence@appsmith.com"
"jk8elq","2021-03-19 09:21:59.614+00","Mallie15@hotmail.com","2021-08-09 15:50:54.43+00","Qui recusandae quisquam aut sed. Atque dolores enim ut et dolor accusamus ratione. Temporibus doloremque exercitationem natus tenetur architecto illum.","closed","low","hardware",
"zgi5ssg","2021-02-22 14:03:55.663+00","Ethyl_Waelchi@yahoo.com","2021-08-25 12:07:11+00","Provident debitis eum iste qui asperiores qui ut. Distinctio necessitatibus possimus aut est. Unde tenetur debitis dolor sed. Et minus nihil sed laborum itaque quibusdam qui. Nisi qui placeat.","in-progress","medium","software","confidence@appsmith.com"
"7jccvm","2020-10-30 05:06:46.882+00","Edythe_Hauck@gmail.com","2021-12-14 11:56:20+00","Nam nemo rerum aliquam id deleniti soluta aut suscipit rem. Qui repellat et. Tempora ea voluptatum quasi recusandae. Id quibusdam non ratione ducimus repudiandae. Rerum culpa et.","in-progress","high","hardware","confidence@appsmith.com"
"u5a4t","2020-10-19 12:41:01.248+00","Donnell.Hayes83@hotmail.com","2021-12-29 02:23:34+00","Quis quidem beatae sit. Ut nesciunt necessitatibus quibusdam maiores at. Aspernatur alias blanditiis.","closed","high","software","confidence@appsmith.com"
"kgctqs","2020-12-13 17:00:25.25+00","Annabell_Bins23@hotmail.com","2022-01-01 06:27:12+00","Fuga excepturi rerum. Nobis ullam corrupti temporibus ut natus velit sed incidunt voluptatibus. Et tempora voluptatem voluptates ipsa veniam.","in-progress","high","other","confidence@appsmith.com"
"2txxqa","2021-04-01 01:44:27.812+00","Giovanni_Considine@gmail.com","2021-08-09 08:48:14.206+00","Ea dolores accusantium voluptatum sapiente. At est ab est aut architecto quos velit. Itaque minus voluptas. Neque dolores ut. Id rerum labore earum quo reiciendis quia. Quia aliquid minima assumenda id et blanditiis aut earum.","open","low","hardware","confidence@appsmith.com"
"3czqhu","2020-11-14 17:06:38.078+00","Horace.Hickle24@hotmail.com","2021-08-09 18:50:05.449+00","Sint voluptates neque cupiditate aut similique illo similique deleniti. Necessitatibus iste non possimus. Commodi praesentium laborum aliquid. Ea quo quam delectus et id fugit. Nobis esse exercitationem et quis aliquid.","closed","medium","hardware","kadao@appsmith.com"
"qbhkvs","2020-09-16 19:35:25.98+00","Barney11@gmail.com","2021-08-09 08:05:10.958+00","Sed dolores dolores eligendi voluptas necessitatibus consequatur non et. Vitae quisquam vel. Est quae molestias. Rem et suscipit aut totam.","in-progress","high","hardware","vihar@appsmith.com"
"k453pp","2020-09-28 02:08:38.497+00","Johathan_McDermott@yahoo.com","2021-08-09 15:12:11.15+00","Hic ab maiores recusandae quisquam. Qui dolor deleniti possimus nobis qui placeat quia dolor itaque. Aut neque minima illo. Et et aut velit odit dolores vel est cumque magnam. Impedit unde hic. Rerum sit aut ea ratione et earum.","open","medium","other","confidence@appsmith.com"
"sgtqyu","2021-07-24 08:50:13.402+00","Mariana_Fay32@hotmail.com","2021-08-09 08:12:05.959+00","Asperiores iure rerum. Perspiciatis repudiandae perferendis veniam consequatur deleniti temporibus aliquid eveniet quam. Aut in nostrum quo beatae consequuntur odit magni. Minus quis pariatur sit maiores debitis natus iste in. Iste ea aperiam ipsa facilis incidunt sed.","open","low","other","kadao@appsmith.com"
"i80kl","2021-02-15 00:28:29.338+00","Rey_Beahan13@gmail.com","2021-08-10 05:42:45.557+00","Saepe facere non numquam qui consequatur fugit porro iure. Reiciendis assumenda molestias quo dolor facere. Rerum mollitia ut.","closed","high","hardware","vishnu@appsmith.com"
"bt8tup","2020-11-10 07:15:47.83+00","Evalyn.Maggio53@hotmail.com","2021-08-09 11:12:03.304+00","Distinctio eveniet atque qui voluptas quis excepturi quaerat voluptatem. Ut voluptatem eaque enim earum et at suscipit sint numquam. Corrupti assumenda sunt voluptatem sunt quo nulla. Natus accusamus esse eligendi veniam debitis. Est saepe qui quaerat et qui voluptatem. Vitae maiores earum architecto sed aut.","in-progress","high","hardware",
"v63rcl","2021-05-15 01:41:47.646+00","Dayne_Gottlieb97@gmail.com","2021-08-10 05:56:51.014+00","Sint nulla non voluptatem incidunt fugiat corporis. Repellat harum sunt laudantium optio accusamus asperiores rerum totam. Quia quibusdam perspiciatis. Cumque rerum et ipsam cupiditate delectus.","in-progress","low","software",
"88jjc","2021-03-19 15:28:43.831+00","Emma70@gmail.com","2021-08-10 00:39:56.947+00","Tempore ducimus qui et repellat veritatis minima. Eaque itaque ipsa consequatur possimus harum consequatur adipisci voluptatem inventore. Rerum non corrupti. Amet illum sit ut.","in-progress","low","software","kadao@appsmith.com"
"fy5ivk","2021-07-25 18:00:14.758+00","Polly.Reynolds25@hotmail.com","2021-08-09 11:29:07.277+00","Dolore optio earum aut adipisci corporis dolorem corrupti placeat voluptas. Maiores consequatur qui accusantium culpa. Ducimus atque veritatis aut ut. Aut ut voluptas qui repellendus. Ullam accusantium voluptatem saepe. Vero rem aperiam nihil animi.","closed","low","other","rishabh@appsmith.com"
"xmi77","2020-11-07 11:05:42.774+00","Carlo_Bartoletti@gmail.com","2021-08-10 04:10:22.036+00","Earum et impedit sed ut. Consequatur atque dolores aut neque nobis omnis hic autem. Saepe consequatur ex necessitatibus excepturi esse eveniet alias. Nihil sed ab minus nihil et harum in facilis natus.","closed","high","software",
"ddr5x4","2021-02-26 10:39:21.111+00","Carmine.Bode@gmail.com","2021-08-10 04:44:50.272+00","Officiis labore unde ut sint est illo molestiae placeat. Non et at et. Velit quas minus iste quasi vel corporis. Rem vel sint quae qui vel quod dolores illum et. Nihil illum consequatur molestiae libero aut.","in-progress","medium","hardware",
"49kxo","2021-02-18 05:48:13.364+00","Harrison.Gutkowski@hotmail.com","2021-08-10 06:58:49.371+00","Sunt ut reprehenderit totam aut ad sed molestiae vitae magni. Est asperiores eaque ipsa ea aliquam. Quidem veniam in eum itaque sunt fugit. Eveniet alias sunt soluta dolorem eum explicabo aperiam quam. Nostrum vero enim ut ut enim a.","closed","medium","software",
"5cpv1u","2021-07-18 01:02:59.656+00","Rod52@gmail.com","2021-08-09 22:51:27.863+00","Veniam consequuntur exercitationem voluptas nam illo laboriosam velit non. Modi natus odit rerum. Iusto provident officia pariatur corporis. Consectetur molestias itaque quas esse qui harum exercitationem.","closed","low","hardware","kadao@appsmith.com"
"tsihu","2021-04-20 13:44:11.182+00","Torrance_Muller14@hotmail.com","2021-08-09 11:14:09.582+00","Nihil rerum commodi odit sed cumque qui earum. Deserunt sit aut necessitatibus quia aliquid nulla qui. Tempora ullam id omnis laborum sapiente et deleniti ipsa.","open","low","other","rishabh@appsmith.com"
"9f9pwl","2020-11-09 19:40:25.953+00","Grayson.Predovic47@hotmail.com","2021-08-09 15:43:17.189+00","A quidem nostrum minima. Libero quae totam eum repellat at voluptate. Nulla natus ad dolorem praesentium et et est. Repellat qui quam ullam omnis minus.","closed","medium","software","rishabh@appsmith.com"
"366tkl","2021-07-17 19:57:12.086+00","Tiara_Metz14@hotmail.com","2021-08-10 07:24:51.901+00","Maiores eius quia nostrum aut magnam impedit officiis quibusdam. Velit qui recusandae omnis qui. Explicabo aperiam odio ea consequuntur perspiciatis vitae. Minus ipsam quaerat doloribus aliquid molestias consequuntur quo qui exercitationem.","open","medium","hardware","kadao@appsmith.com"
"m0ebtl","2021-01-28 09:07:41.117+00","Nettie_Windler18@hotmail.com","2021-08-09 09:53:27.75+00","Saepe libero aliquid natus fugiat sint asperiores asperiores. Dolorem corrupti laudantium optio ea. Dolores adipisci veritatis vel doloribus non aut rerum et repellat.","closed","high","software","vihar@appsmith.com"
"5in9fd","2021-08-05 16:07:05.909+00","Elta72@gmail.com","2021-08-10 01:31:59.082+00","Fuga eos eius aut illo a libero necessitatibus ratione. Perspiciatis possimus blanditiis neque nulla animi cum. Aut et architecto. Excepturi id dolores velit. Aut maxime qui ratione voluptatem ex dolorem labore iure molestiae. Eligendi officia porro minus tempore ut nostrum quos temporibus.","in-progress","low","other",
"eawpn9","2020-12-23 22:49:40.529+00","Aurore.Bergstrom@yahoo.com","2021-08-10 05:57:17.621+00","Neque earum illum provident deserunt est eligendi quo aperiam. Est porro laudantium sunt eum. Culpa reprehenderit sunt sint nostrum. Fugiat dolorum at molestiae quo. Veniam beatae cum rem.","closed","low","software",
"a1g8mi","2021-01-25 11:04:33.794+00","Sigrid33@hotmail.com","2021-08-10 02:44:26.321+00","Tenetur at hic non et dignissimos libero qui. Consequatur vero culpa aut et architecto. Omnis rem et quibusdam molestiae rerum. Delectus et atque est quis eum voluptatem commodi exercitationem. Rerum ut minus consequatur beatae sunt suscipit dolorem id.","closed","medium","software","vihar@appsmith.com"
"h6dvne","2021-04-03 17:12:28.845+00","Helmer.Fadel@hotmail.com","2021-08-09 10:48:57.149+00","Possimus et exercitationem eius sint dolorem nisi magnam reprehenderit. Fugit delectus est sunt qui suscipit. Tenetur doloribus numquam quia.","open","high","other","vihar@appsmith.com"
"tnr6j","2020-11-12 13:35:35.704+00","Jordon_Nader@gmail.com","2021-08-09 21:22:03.191+00","Qui sit quia qui. Quaerat nobis sed. Ad aliquid voluptate explicabo. Fugiat dolores debitis libero et.","open","medium","software","vishnu@appsmith.com"
"xrqe6","2021-07-15 01:16:43.413+00","Valerie_McLaughlin2@hotmail.com","2021-08-09 12:57:55.017+00","Ipsa numquam quia corrupti molestias non qui asperiores libero cumque. Tempore voluptas sit et. Laboriosam et commodi alias illo blanditiis praesentium aut possimus. Est perferendis tempora explicabo eos commodi non.","open","low","software","vishnu@appsmith.com"
"uk561u","2021-03-24 23:45:31.789+00","Kip_Kutch82@gmail.com","2021-08-10 05:29:09.583+00","Ab eos deserunt qui eos laborum qui. Quia vitae quod dolore modi nihil iste voluptas ut qui. Culpa omnis vel minus quo rerum.","open","medium","other","vihar@appsmith.com"
"n9289c","2021-04-27 13:14:24.879+00","Bryon.Johns@yahoo.com","2021-08-09 10:31:03.318+00","Sint tenetur temporibus qui. Doloremque quasi corrupti placeat provident. Vero omnis harum laboriosam quisquam nostrum dolor enim velit. Consequatur voluptatem hic.","in-progress","medium","hardware","kadao@appsmith.com"
"clztvk","2021-01-07 21:55:55.339+00","Kyra76@hotmail.com","2021-08-10 05:29:18.502+00","Commodi eligendi porro repellat repudiandae. Est provident rerum ullam sit molestiae eum maiores. Repudiandae nihil est doloremque cupiditate. Sed temporibus necessitatibus perferendis et tempore modi a hic qui. Nesciunt nihil harum sint et est.","open","medium","software","confidence@appsmith.com"
"vt5u7","2021-06-02 09:27:39.991+00","Kaleigh32@yahoo.com","2021-08-09 14:54:52.201+00","Quidem incidunt aut dolores molestiae assumenda saepe quia. Harum inventore est minus velit dicta. Repudiandae nihil aut facilis eligendi ut repellat quos.","in-progress","medium","other",
"86jjco","2021-01-20 17:32:58.25+00","Jaylen_McGlynn17@hotmail.com","2021-08-09 21:57:39.503+00","Accusantium et accusantium est et tenetur sed et. Ut eius quasi et aliquid accusamus doloremque. Deserunt ea id non nobis eos voluptatibus non nihil. Illum omnis quis aut sint sint qui magnam velit.","in-progress","low","software","kadao@appsmith.com"
"dyohrr","2020-10-28 11:49:14.373+00","Olin27@yahoo.com","2021-08-09 17:17:31.721+00","Quidem repellat et. Libero harum et. Fuga aut voluptatem. Iste sequi accusamus.","open","medium","hardware",
"4w8qx","2021-01-19 09:38:56.998+00","Lorenza.OConner14@hotmail.com","2021-08-09 12:18:26.86+00","Nihil officiis rem libero magni consectetur vitae sunt. Voluptate molestiae suscipit fuga. Expedita error quae quis qui modi nihil officiis aut. Atque cupiditate totam.","open","high","software","vishnu@appsmith.com"
"hp73gn","2020-09-02 20:06:43.943+00","Wiley_McKenzie37@yahoo.com","2021-08-09 11:58:22.598+00","Et sit accusamus nemo ut eligendi voluptas. Non fuga explicabo excepturi eligendi optio. Magnam ut facere. Aut blanditiis possimus ad eaque doloremque voluptas consequatur maxime ea.","closed","low","hardware","vishnu@appsmith.com"
"rtvq53","2020-08-31 10:25:33.726+00","Ryley78@gmail.com","2021-08-09 19:12:12.196+00","Nulla vitae est et voluptates et quaerat ipsum voluptatem. Non laudantium iste. Vero eaque quae sunt mollitia dolorum distinctio vero. Voluptate iusto unde rerum sequi non nisi accusantium consequatur natus.","open","low","software","vishnu@appsmith.com"
"o3e715","2020-12-28 20:42:35.258+00","Oswald_Conn@gmail.com","2021-08-09 23:16:27.564+00","Est perferendis dolor iure deleniti vel. Quod est non. Quia debitis saepe magnam corrupti. Quia architecto in qui earum animi et quam cumque hic. Quas ducimus tempore minus totam aliquid error nobis culpa. Ducimus laboriosam ut dolores rerum maiores vitae autem reiciendis.","closed","low","hardware","confidence@appsmith.com"
"wuepbe","2021-05-19 15:45:58.05+00","Deon.Johns31@hotmail.com","2021-08-09 08:11:16.193+00","Quos earum aut. Consequuntur incidunt voluptatem. Repudiandae nulla non.","open","low","other","vihar@appsmith.com"
"z8iwmh","2021-05-21 20:21:06.356+00","Jeanie.Glover63@hotmail.com","2021-08-09 12:22:14.398+00","Praesentium eum autem rerum fuga labore est. Voluptatem excepturi nostrum quisquam explicabo enim. Necessitatibus quod nobis ab beatae nostrum blanditiis. Perferendis molestiae deserunt est enim quo quo quo. Exercitationem ut esse maiores assumenda voluptatem accusamus.","open","low","software","vishnu@appsmith.com"
"ku559","2020-12-24 10:21:08.081+00","Rosalee_Pollich86@hotmail.com","2021-08-09 09:44:03.13+00","Odio earum et eum ut ab voluptatem. Assumenda autem recusandae quisquam. Sit sit aliquid dolor esse in possimus optio inventore et.","closed","high","hardware","kadao@appsmith.com"
"9dhdxq","2021-07-02 00:07:24.023+00","Carrie.Heathcote@hotmail.com","2021-08-09 18:19:02.381+00","Nostrum et cupiditate ut. Ea sequi est sint possimus error ea quod. Alias unde eos aspernatur fugit ut recusandae et.","open","medium","software","vishnu@appsmith.com"
"5dgntp","2021-06-30 05:37:45.53+00","Kailyn.Rogahn6@yahoo.com","2021-08-10 00:11:51.781+00","Et praesentium ea. Rerum omnis consequuntur quis sit maxime molestias expedita dolorem. Consequatur quod laborum amet voluptatum alias nobis facere sit. Perferendis autem quia at qui minima voluptatem perspiciatis ab. Et itaque ut veniam a omnis repudiandae.","in-progress","low","hardware","rishabh@appsmith.com"
"vy5ilp","2020-09-20 07:13:13.305+00","Conner_Bechtelar@hotmail.com","2021-08-09 12:20:56.785+00","Iste molestiae nostrum. Aut aliquid officiis. Vel voluptas sed similique occaecati repellendus. Atque nobis labore sit. A error sint.","open","low","hardware","rishabh@appsmith.com"
"vem89q","2021-05-15 13:12:50.434+00","Nya.Rohan3@hotmail.com","2021-08-09 18:27:20.939+00","Qui fugiat commodi esse enim minima sed vel fugit consequatur. Optio aut expedita dignissimos sed iure facere ex atque. Autem et voluptatibus eligendi perferendis nihil sunt. Quam magnam et sequi ex et animi dolore porro. Itaque consequatur sequi est et libero minus. Aut et provident aliquid aut et.","open","low","hardware","confidence@appsmith.com"
"7aamaa","2021-02-11 03:18:35.824+00","Blaise_Kuhn9@gmail.com","2021-08-10 01:14:35.303+00","Et cum dolor eligendi dolorum. Rerum deleniti illo iusto. Non est natus quam qui.","open","high","other","vihar@appsmith.com"
"s76d1yj","2021-03-20 12:58:39.803+00","Madge31@hotmail.com","2021-08-09 13:23:00.401+00","Nobis quia magni officia nostrum cupiditate. Porro provident saepe et autem nihil laborum at. Amet vel quam autem assumenda velit.","open","low","software","vihar@appsmith.com"
"ukmdha","2020-12-07 11:43:22.119+00","Eloisa_Okuneva49@yahoo.com","2021-08-10 01:06:56.665+00","Dignissimos asperiores nesciunt dolores quibusdam. Maxime occaecati explicabo quod distinctio. Beatae consequuntur voluptatem et est veniam.","in-progress","low","other",
"bnsy94p","2021-01-18 00:25:18.876+00","Tate_Stamm12@yahoo.com","2021-08-10 03:27:27.162+00","Iusto et excepturi eaque dolore. Accusamus nobis similique. Libero voluptatibus ratione cum dicta nostrum voluptatem. Et asperiores qui ex libero ut nisi in asperiores beatae. Ea quos dolor hic.","in-progress","low","hardware","kadao@appsmith.com"
"axbyzf","2020-10-25 08:03:57.458+00","Boris_Marvin87@hotmail.com","2021-08-10 00:31:06.104+00","Est et dolorem totam id et. Incidunt ex labore odio ut ipsum modi tempore fuga unde. Ratione eum officia a doloribus. Occaecati ad quae sunt et voluptas officia autem et ullam. Optio beatae et rerum. Non quia quisquam incidunt explicabo dicta et quia.","open","high","hardware",
"688c2c","2021-03-07 20:39:51.768+00","Caesar26@hotmail.com","2021-08-10 04:36:45.193+00","Ut reprehenderit accusantium ipsa aut vitae vitae quis. Architecto atque et et vel occaecati eaque architecto recusandae earum. Quo tempore perferendis et porro in maxime libero quaerat. Ut necessitatibus quo. Nostrum sed et atque sed tenetur eos. Mollitia quam ipsam in illo ex cumque vitae sint.","closed","medium","software","rishabh@appsmith.com"
"7isr1f","2021-06-11 12:24:46.835+00","Esperanza_Bosco4@yahoo.com","2021-08-09 21:21:22.228+00","Voluptatibus ea ut in facilis. Exercitationem sit voluptate natus dolor velit. Velit nobis libero a distinctio eaque. Recusandae et nemo et velit corrupti perspiciatis. Vel quia vel.","closed","low","other","kadao@appsmith.com"
"ifkp3h","2020-08-30 20:21:16.505+00","Virginie.Wyman@hotmail.com","2021-08-10 06:19:35.504+00","Est tempore laboriosam vitae eum in fugit aut ullam. Ut cupiditate et animi dolore. Aut occaecati quis doloremque ex culpa expedita. Possimus iusto rerum dolor.","open","medium","software","confidence@appsmith.com"
"ow8k8p","2021-02-28 08:20:56.372+00","Teagan.Schimmel@yahoo.com","2021-08-09 11:31:26.663+00","Veniam voluptas eius eum qui labore reiciendis. Est amet molestias quis exercitationem velit ex ut et. Alias voluptatem eius id tempora aspernatur recusandae recusandae. Ea voluptas sequi illum ut temporibus. Eius facilis commodi excepturi ut voluptatem ab minus quia consequatur. Ipsam molestiae fugiat sit rem velit.","closed","high","software","vihar@appsmith.com"
"g7yzm","2020-11-11 17:20:36.407+00","Wendell59@yahoo.com","2021-08-10 05:13:51.788+00","Earum ut officiis tenetur optio sed. Est odio omnis. Ut sunt velit quisquam eos repellendus ea. Qui aperiam nulla dolorem. Fuga architecto tempora et earum.","closed","low","other","kadao@appsmith.com"
"6gxyef","2021-06-16 08:24:23.832+00","Carlie_Schoen28@hotmail.com","2021-08-09 20:36:16.656+00","Hic quod assumenda eos voluptas porro non repudiandae. Et ipsam voluptatibus ut et quam ut id vero eveniet. Voluptatem alias quia voluptatem ea non.","closed","low","other",
"6gv78","2020-11-27 10:38:13.026+00","Efrain16@hotmail.com","2021-08-09 20:35:48.804+00","Quo quasi numquam est voluptatibus labore maiores natus ea. Voluptas deserunt veniam. Molestiae quis in provident et. Eum qui consequatur nesciunt iure.","open","medium","software",
"06iplg","2020-10-26 09:56:33.138+00","Leora_Goyette@gmail.com","2021-08-09 09:57:11.47+00","Minima praesentium itaque consequatur molestias consequatur. Odio facere maiores incidunt totam possimus nulla beatae eius. Qui molestiae enim voluptatem ratione deleniti laborum commodi vel. Nemo et vel voluptatem culpa omnis voluptas ullam. Ullam itaque quisquam sint.","open","low","other","vihar@appsmith.com"
"42f3k","2021-01-01 01:20:11.518+00","Kayden_Conroy@yahoo.com","2021-08-09 14:19:51.703+00","Rerum rem rerum. Doloremque possimus quod ullam consequatur aliquid ad sunt reprehenderit. Sit illum incidunt aut sint quibusdam.","open","high","software","rishabh@appsmith.com"
"kyu1at","2021-05-16 11:38:13.508+00","Christiana_Johns@gmail.com","2021-08-09 14:57:08.581+00","Nulla expedita at quibusdam enim sequi nulla ipsam. Fugiat reiciendis iste. Explicabo accusamus et.","in-progress","medium","other",
"7gxaq","2020-11-26 05:36:25.608+00","Philip.Dibbert1@hotmail.com","2021-08-09 08:35:39.183+00","Iste sapiente ea. Magnam sequi veniam harum quis laborum vel. Dolorem hic veritatis dolorum. Veniam corrupti perferendis officia fugit ut tempora excepturi. Delectus consectetur laborum quia. Et perspiciatis dolor temporibus repellendus et nostrum id.","in-progress","medium","software",
"8g1no","2021-02-20 09:31:04.801+00","Evangeline95@gmail.com","2021-08-09 08:07:47.838+00","Est aliquid molestiae hic voluptate ab laboriosam deleniti occaecati ratione. Aspernatur eaque et quis corrupti nulla in nihil adipisci. Commodi explicabo fuga eum placeat consequatur velit impedit.","in-progress","medium","other",
"r9hxdk","2021-07-10 09:34:42.144+00","Robb_Kuhic@gmail.com","2021-08-10 00:51:30.465+00","Provident dolor facere sunt. Rem est natus ducimus sapiente. Est aut hic vitae est ducimus. Dolore omnis odio voluptates ut et.","in-progress","medium","hardware","vishnu@appsmith.com"
"zx1ktc","2020-12-28 12:11:14.882+00","Bette.Senger28@hotmail.com","2021-08-09 12:52:27.197+00","Accusantium omnis nulla omnis possimus rerum voluptatem sequi fugiat. Delectus delectus quod est est non adipisci nostrum iure consequatur. Expedita et distinctio unde.","in-progress","low","other","confidence@appsmith.com"
"oq5ud9","2021-03-29 04:37:28.348+00","Zechariah_Fay99@yahoo.com","2021-08-09 14:36:15.983+00","Sed velit aut quis aut necessitatibus vel blanditiis molestiae. Odit voluptatem quas quis sequi corporis eius ipsam fugit quis. Voluptatem iste quam. Pariatur mollitia repellat.","closed","medium","other","vihar@appsmith.com"
"8pljl","2021-04-04 04:58:35.602+00","Allan76@gmail.com","2021-08-10 03:56:10.703+00","Accusamus sint cumque cupiditate in iure voluptas similique. Corrupti id laborum ducimus autem fuga natus. Ab in cum provident dicta optio dolorem et dolorum et.","in-progress","low","hardware",
"s1gk9","2020-08-23 04:27:08.338+00","Jaclyn62@gmail.com","2021-08-09 09:59:34.185+00","Quas beatae eius consectetur. Asperiores est fugit earum. Porro maiores voluptas delectus eos ullam qui. Nesciunt earum sit vitae. Quis voluptatibus nihil aut.","in-progress","low","other","kadao@appsmith.com"
"6lo7sm","2020-10-11 20:19:11.547+00","Myrtis_Hamill@gmail.com","2021-08-09 08:30:04.461+00","Voluptate reiciendis eum doloribus voluptatum qui ipsam at recusandae. Quod ea laudantium eius qui consequatur impedit accusamus autem. Omnis commodi architecto et non blanditiis id voluptatem itaque. Officia ut culpa suscipit quas voluptas architecto id ipsa. Laborum et rerum nesciunt asperiores non voluptas enim ut.","in-progress","medium","hardware","vihar@appsmith.com"
"00y0tt","2020-12-29 23:06:20.881+00","Jeramie_Sanford@hotmail.com","2021-08-09 13:16:49.122+00","Et aspernatur molestias necessitatibus incidunt ut placeat. Eaque voluptatibus sed eius cupiditate quia maiores. Soluta nisi voluptatem optio cum dolorum qui repudiandae nisi. Et magni itaque tempore dolore. Assumenda mollitia omnis minima quidem labore. Eligendi sed quos voluptatem veritatis doloribus voluptatem ab.","open","low","hardware","rishabh@appsmith.com"
"ko5z2","2021-04-22 08:25:15.035+00","Eryn.Romaguera64@gmail.com","2021-08-09 14:24:44.41+00","Sit est sed quis explicabo fugiat. Et vitae minima hic ducimus dolores consequatur voluptas quae. Ipsa nobis ex tenetur quaerat quia.","open","low","other",
"m57h6n","2021-01-08 12:04:26.839+00","Thea_Altenwerth71@hotmail.com","2021-08-10 05:29:37.852+00","Eaque dolor quo. Sunt iure dolor sunt quod. Enim ut voluptatem dolorem voluptatem ut dolores doloribus. Blanditiis ut dicta quia nostrum provident optio dolore aspernatur. Omnis sint laborum voluptatem voluptatem doloremque consequatur dolores dignissimos ipsam. Sit minima sit est sed blanditiis aut unde.","in-progress","medium","software","vishnu@appsmith.com"
"6b3ted","2021-01-31 04:53:34.697+00","Greyson.Dicki@hotmail.com","2021-08-09 12:15:23.48+00","Quia laudantium voluptatem. Pariatur officiis qui fugiat eligendi temporibus sint porro rerum. Ut itaque possimus consectetur commodi quo qui nobis voluptatem expedita.","closed","high","other","kadao@appsmith.com"
"xpbrhn","2020-11-10 08:58:27.537+00","Alvena_Davis30@hotmail.com","2021-08-10 07:34:49.6+00","Molestiae officiis quo earum eos ut qui deleniti et est. Et suscipit nam consequatur fuga vitae. Nihil est ut rerum aut. Et aut et officiis repellat laboriosam alias. Consequatur est et atque vel hic quasi et.","in-progress","medium","other","confidence@appsmith.com"
"rdlcqq","2021-07-19 21:26:58.782+00","Serena.Fadel12@gmail.com","2021-08-09 20:36:40.536+00","Quae consequatur eveniet molestias ut. Et repellat pariatur ut magnam possimus numquam eum perspiciatis itaque. Ut neque eum iusto rem nobis qui sed magni autem.","closed","medium","software","kadao@appsmith.com"
"ju6n6q","2020-11-16 21:13:11.834+00","Cooper25@hotmail.com","2021-08-09 11:00:28.896+00","Repellat animi architecto voluptatum et. Ut eos voluptatem impedit at magnam repellendus omnis id explicabo. Eos aut aut consectetur optio soluta sed temporibus iusto consequuntur. Explicabo ut vel et molestiae cum. Non ipsa assumenda. Quas veniam rem quam necessitatibus illum labore soluta.","in-progress","high","other","vihar@appsmith.com"
"xm4mr","2021-01-23 15:41:46.74+00","Corbin_Koepp38@gmail.com","2021-08-09 21:03:08.402+00","Facilis repudiandae neque adipisci. Laborum necessitatibus deserunt omnis id odio. Quibusdam qui error laborum. Itaque ea et ut dolorum nam nobis.","in-progress","low","hardware",
"i15z9","2021-02-15 16:19:38.999+00","Chadrick_Mante82@gmail.com","2021-08-09 14:32:11.065+00","Ea ipsa velit id aut praesentium explicabo velit aut omnis. Quia assumenda dolores dolore. Est rem quas fugit incidunt. Et tempora et molestiae.","in-progress","low","software",
"lhakhi","2021-03-26 19:07:50.3+00","Nathanial_Abernathy43@yahoo.com","2021-08-09 18:25:53.438+00","Ex alias quos facilis sint vel laboriosam animi vel vel. Architecto ratione repellat non nihil. Soluta ut pariatur.","open","medium","software","vishnu@appsmith.com"
"su7gw","2021-03-15 15:52:22.103+00","Caterina34@hotmail.com","2021-08-15 05:07:59+00","Accusamus esse est incidunt facere ut voluptatibus. Dolorum voluptas qui ut doloribus quae. Debitis voluptatem molestiae. Aut provident est tempore amet sed quaerat illo. Sunt sunt et cumque sed blanditiis provident deserunt illum odit.","open","high","software","confidence@appsmith.com"
"u753up","2021-08-19 02:34:08+00","johndoe@mail.com","2021-08-19 02:34:08+00","Test","open","high","software","vishnu@appsmith.com"
"fkx11f","2021-08-01 13:42:15.029+00","Rosalee38@yahoo.com","2021-08-25 12:07:35+00","Odio enim et vero omnis suscipit laboriosam ab eum. Aut nihil quas. Quasi aliquid eius. Voluptas sed aut odit totam quo tempore. Quia voluptatibus inventore consequatur voluptas ut illum odit quisquam iure.","open","high","hardware","confidence@appsmith.com"
"txmd9","2021-10-06 08:19:57+00","","2021-10-06 08:19:57+00"," tes","open","high","hardware","vihar@appsmith.com"
"4lphk","2021-12-17 02:41:07+00","Vihar","2021-12-17 02:41:07+00","","in-progress","high","software","vihar@appsmith.com"
"7d42x","2021-12-18 01:01:22+00","kabugyei","2021-12-18 01:01:22+00","This is a test issue","open","high","software","kadao@appsmith.com"
"vrz61","2021-12-20 06:19:21+00","Vihar","2021-12-20 06:19:21+00","","open","high","software","kadao@appsmith.com"
"3v9fp9","2021-06-21 12:00:49.75+00","Ahmad_Goodwin@yahoo.com","2021-12-29 02:22:33+00","Aut labore odit consequatur maxime alias ut recusandae omnis dolorem. Error aut consectetur et maxime. Vero rerum quas temporibus exercitationem deleniti voluptas minus fuga. Ea voluptatum eum aut architecto minima ipsam. Libero adipisci libero odit qui tempora aliquid libero ipsum sit. Nulla et nesciunt voluptatibus ea.","closed","medium","software","confidence@appsmith.com"
"bqw2v4","2022-01-02 12:59:21+00","Vihar","2022-01-02 12:59:21+00","hello","open","low","hardware","vihar@appsmith.com"
"ikmnle","2022-01-02 12:59:52+00","Vihar","2022-01-02 12:59:52+00","hello","open","low","hardware","confidence@appsmith.com"
